<?xml version="1.0" encoding="UTF-8"?>
<hibernate-configuration>
	<session-factory>
		<property name="hibernate.dialect">org.hibernate.dialect.MySQL5Dialect</property>
		<property name="hibernate.connection.driver_class">com.mysql.cj.jdbc.Driver</property>
		<property name="hibernate.connection.url">jdbc:mysql://localhost:3306/orsp3</property>
		<property name="hibernate.connection.username">root</property>
		<property name="hibernate.connection.password">root</property>

		<property name="hbm2ddl.auto">create</property>
		<property name="show_sql">true</property>

		<!-- List of XML mapping files -->
		
		<mapping resource="in/co/rays/dto/UserDTO.hbm.xml" />
		<mapping resource="in/co/rays/dto/RoleDTO.hbm.xml" />
		<mapping resource="in/co/rays/dto/CollegeDTO.hbm.xml" />
		<mapping resource="in/co/rays/dto/StudentDTO.hbm.xml" />
		<mapping resource="in/co/rays/dto/CourseDTO.hbm.xml" />
		<mapping resource="in/co/rays/dto/SubjectDTO.hbm.xml" />
		<mapping resource="in/co/rays/dto/FacultyDTO.hbm.xml" />
		<mapping resource="in/co/rays/dto/MarksheetDTO.hbm.xml" />
		<mapping resource="in/co/rays/dto/TimeTableDTO.hbm.xml" />

	</session-factory>
</hibernate-configuration>
