<?xml version="1.0" encoding="UTF-8"?>


<hibernate-mapping>
<class name = "com.sunilOS.ORSProject3.dto.CollegeDTO" table = "ST_COLLEGE">
	
		 <id name="id" type="java.lang.Long">
            <column name="ID" />
            <generator class="increment" />
        </id>
		<property name="collegeName" type="java.lang.String">
			<column name="COLLEGE_NAME" />
		</property>
		<property name="address" type="java.lang.String">
			<column name="ADDRESS" />
		</property>
		<property name="city" type="java.lang.String">
			<column name="CITY" />
		</property>
		<property name="state" type="java.lang.String">
			<column name="STATE" />
		</property>
		<property name="phoneNo" type="java.lang.String">
			<column name="PHONE_NO" />
		</property>
		<property name="createdBy" type="java.lang.String">
			<column name="CREATED_BY" />
		</property>
		<property name="modifiedBy" type="java.lang.String">
			<column name="MODIFIED_BY" />
		</property>
		<property name="createdDatetime" type="java.sql.Timestamp">
			<column name="CREATED_DATETIME" />
		</property>
		<property name="modifiedDatetime" type="java.sql.Timestamp">
			<column name="MODIFIED_DATETIME" />
		</property>
	</class>
</hibernate-mapping>
