<?xml version="1.0" encoding="UTF-8"?>


<hibernate-mapping>
<class name = "com.sunilOS.ORSProject3.dto.RoleDTO" table = "ST_ROLE">

<id name = "id" type = "java.lang.Long">
<column name = "ID"/>
<generator class = "increment"/>
</id>

		<property name="roleName" type="java.lang.String">
			<column name="ROLE_NAME" />
		</property>
		<property name="description" type="java.lang.String">
			<column name="DESCRIPTION" />
		</property>
		
		<property name="createdBy" type="java.lang.String">
			<column name="CREATED_BY" />
		</property>
		<property name="modifiedBy" type="java.lang.String">
			<column name="MODIFIED_BY" />
		</property>
		<property name="createdDatetime" type="java.sql.Timestamp">
			<column name="CREATED_DATETIME" />
		</property>
		<property name="modifiedDatetime" type="java.sql.Timestamp">
			<column name="MODIFIED_DATETIME" />
		</property>

</class>
</hibernate-mapping>