<?xml version="1.0" encoding="UTF-8"?>


<hibernate-mapping>
<class name = "com.sunilOS.ORSProject3.dto.SubjectDTO" table = "ST_SUBJECT">	
		<id name="id" type="java.lang.Long">
			<column name="ID"/>
			<generator class="increment"/>
		</id>
		
		<property name="subjectName" type="java.lang.String">
			<column name="SUBJECT_NAME" />
		</property>
		<property name="description" type= "java.lang.String">
			<column name="DESCRIPTION" />
		</property>
		<property name="courseName" type= "java.lang.String">
			<column name="COURSE_NAME" />
		</property>
		<property name="courseId" type= "java.lang.Long">
			<column name="COURSE_ID" />
		</property>
		<property name="createdBy" type="java.lang.String">
			<column name="CREATED_BY" />
		</property>
		<property name="modifiedBy" type="java.lang.String">
			<column name="MODIFIED_BY" />
		</property>
		<property name="createdDatetime" type="java.sql.Timestamp">
			<column name="CREATED_DATETIME" />
		</property>
		<property name="modifiedDatetime" type="java.sql.Timestamp">
			<column name="MODIFIED_DATETIME" />
		</property>
	</class>
</hibernate-mapping>
