<?xml version="1.0"?>

<hibernate-mapping>
<class name = "com.sunilOS.ORSProject3.dto.UserDTO" table = "ST_USER">		
		
		<id name="id" type="java.lang.Long">
			<column name="ID"/>
			<generator class="increment"/>
		</id>
		
		<property name="firstName" type="java.lang.String">
			<column name="FIRST_NAME" />
		</property>
		<property name="lastName" type="java.lang.String">
			<column name="LAST_NAME" />
		</property>
		<property name="email" type="java.lang.String">
			<column name="EMAIL" />
		</property>
		<property name="password" type="java.lang.String">
			<column name="PASSWORD" />
		</property>
		<property name="dob" type="java.util.Date">
			<column name="DOB" />
		</property>
		<property name="mobileNo" type="java.lang.String">
			<column name="MOBILE_NO" />
		</property>
		<property name="roleId" type="long">
			<column name="ROLE_ID" />
		</property>
		<property name="gender" type="java.lang.String">
			<column name="GENDER" />
		</property>
		<property name="createdBy" type="java.lang.String">
			<column name="CREATED_BY" />
		</property>
		<property name="modifiedBy" type="java.lang.String">
			<column name="MODIFIED_BY" />
		</property>
		<property name="createdDatetime" type="java.sql.Timestamp">
			<column name="CREATED_DATETIME" />
		</property>
		<property name="modifiedDatetime" type="java.sql.Timestamp">
			<column name="MODIFIED_DATETIME" />
		</property>
	</class>
</hibernate-mapping>
